{"val_loss": [0.4596608978894449, 0.4878595201238509, 0.7219320715050543, 0.674549149967009, 0.9530407486231096, 0.8156671617588689, 0.7960531399759554, 0.8651384730805313, 0.7635813377268853, 0.8456975834215841, 0.5490616999037804, 0.5614236131310463, 0.6141626648295431, 0.6562436277106884, 0.6688521256177656, 0.6227940709937003, 0.6433581573444028, 0.6693466147535571, 0.6981098983665147, 0.6647452801715342, 0.6921396376736342, 0.7438308475232653, 0.6852512874108769, 0.702344695438721, 0.7403146030270165], "val_acc": [0.8467741937022055, 0.8709677410125732, 0.8548387111386945, 0.8225806457765641, 0.8145161274171645, 0.8548387100619654, 0.8709677420893023, 0.8790322580645161, 0.8629032257295424, 0.8387096779577193, 0.8951612897073069, 0.9193548370945838, 0.9112903214270068, 0.8870967732706377, 0.895161290091853, 0.9193548365562193, 0.9032258061439761, 0.9032258056056115, 0.9112903198119133, 0.9274193526083423, 0.9274193548387096, 0.8951612892458516, 0.9274193552232558, 0.9274193545310728, 0.9112903207348239], "loss": [0.3474695104714879, 0.13898972223351652, 0.0885824400583193, 0.09173097703086042, 0.05770244921680935, 0.04660797480055378, 0.019179611715836868, 0.011987689910289702, 0.04131140806867755, 0.035639587477898284, 0.08025561545243338, 0.016037071150738023, 0.009687719588064529, 0.04616654873405588, 0.006819477777624168, 0.0032213321568475397, 0.004360884940398838, 0.0015836797182009843, 0.0017579265341695132, 0.002237600335863335, 0.0008409798122438143, 0.0012106297718339203, 0.0006934749642009174, 0.0009472228613682758, 0.0008271861823907162], "acc": [0.8538362068965517, 0.9551724137931035, 0.9737931034482759, 0.9682327586206897, 0.9815086206896552, 0.9852155172413793, 0.9940086206896551, 0.9967241379310345, 0.9886206896551725, 0.990301724137931, 0.9734051724137931, 0.9959482758620689, 0.9975862068965518, 0.9904741379310344, 0.9977586206896552, 0.9990086206896551, 0.9987931034482759, 0.9998275862068966, 0.9994827586206897, 0.9991810344827586, 0.9998706896551725, 0.9996551724137931, 0.9998706896551725, 0.9998275862068966, 0.9996551724137931]}