{"val_loss": [0.5277991372443015, 0.6094467611755094, 0.7282561847375285, 0.7292382482895928, 0.675614617231392, 0.6700405651859699, 0.7504841789843575, 0.7030864095747952, 0.72644446016079, 0.6644731134224322, 0.7262006265682078, 0.7239916819574371, 0.6184350551712897, 0.6051230459888616, 0.661298251055902, 0.6534901946218263, 0.667915405006178, 0.6493889898734708, 0.6849288151046682, 0.6894678794472449, 0.6281905700146191, 0.6661036500863491, 0.6939850589596936, 0.7517518315677562, 0.7017096409682304], "val_acc": [0.878709677803901, 0.8706451626746885, 0.871290322196099, 0.8867741930100226, 0.8954838705831959, 0.9106451599059566, 0.9035483864815005, 0.9125806452381996, 0.9032258070668867, 0.9203225800298875, 0.9106451599828659, 0.9038709683572093, 0.9103225791838861, 0.9206451599828659, 0.8864516119803152, 0.9045161292629857, 0.9267741925485673, 0.9122580643623106, 0.9019354834864216, 0.9119354826404202, 0.9109677421662116, 0.8951612898611253, 0.9035483862507728, 0.9025806447767443, 0.9041935481563691], "loss": [0.09492221108394734, 0.05291050129367589, 0.02595981921648321, 0.02661795452870436, 0.0091806138779731, 0.006451028684138183, 0.003731462896976939, 0.002823890306967853, 0.0019312251825807027, 0.0022585279155519083, 0.0040466356878795864, 0.01149901272207202, 0.0729186340322637, 0.00525801170988436, 0.00315522535477998, 0.002661932621158711, 0.0013584144179807627, 0.002205260125288571, 0.0012115804658248167, 0.0009059202172362082, 0.007134888220935, 0.0011462971560635134, 0.0008552449438248393, 0.0007084789976894575, 0.0005763763688305476], "acc": [0.9718103448275862, 0.9826293103448276, 0.992801724137931, 0.9931465517241379, 0.997801724137931, 0.9979310344827587, 0.9989224137931034, 0.9995258620689655, 0.9995689655172414, 0.9994396551724138, 0.9991810344827586, 0.9970689655172413, 0.9829310344827586, 0.9989655172413793, 0.9990517241379311, 0.9994396551724138, 0.9998706896551725, 0.9995258620689655, 0.9997413793103448, 0.9997844827586206, 0.9980172413793104, 0.9997844827586206, 0.9999137931034483, 0.9999137931034483, 0.9999137931034483]}